Game_ID,Blue_Team,Red_Team,Blue_Score,Red_Score,Blue_Win_Probability,Red_Win_Probability,Actual_Winner,Blue_Players,Red_Players
69500,Top Esports,Invictus Gaming,4.861884951591492,0.9314588232765875,0.8392191350153742,0.16078086498462588,Top Esports,5,5
69501,Invictus Gaming,Top Esports,4.593615114688873,2.077446927585413,0.6885882765861411,0.3114117234138589,Invictus Gaming,5,5
69502,Top Esports,Invictus Gaming,4.203611999750137,2.150061894208193,0.6616033604978258,0.33839663950217425,Top Esports,5,5
69522,LOUD,Vivo Keyd Stars,4.999919652938843,1.0563395767252763,0.8255788702783349,0.174421129721665,LOUD,5,5
69523,Vivo Keyd Stars,LOUD,4.008092826232314,2.422513067955151,0.6232838541474254,0.3767161458525746,Vivo Keyd Stars,5,5
69524,LOUD,Vivo Keyd Stars,0.4620864504981905,4.927085816860199,0.08574349224221244,0.9142565077577874,Vivo Keyd Stars,5,5
69525,FlyQuest,Disguised,4.999999761581421,0.3182159516618414,0.9401649032645611,0.05983509673543883,FlyQuest,5,5
69526,Disguised,FlyQuest,0.33175396367082044,4.99980092048645,0.062224617560747285,0.9377753824392527,FlyQuest,5,5
69531,Team Liquid,100 Thieves,4.943469524383545,1.7840276146307588,0.7348155520892351,0.26518444791076495,Team Liquid,5,5
69532,100 Thieves,Team Liquid,0.7621805237926295,4.999990701675415,0.1322731473899788,0.8677268526100211,Team Liquid,5,5
69556,PSG Talon,Team Secret Whales,1.196865067438921,3.0716599859297276,0.28039312232556185,0.7196068776744381,Team Secret Whales,5,5
69557,PSG Talon,Team Secret Whales,2.216205346630886,4.271561712026596,0.34159755222307364,0.6584024477769264,Team Secret Whales,5,5
69562,GAM Esports,CTBC Flying Oyster,5.0,0.6898679563040193,0.8787550147732885,0.12124498522671139,GAM Esports,5,5
69563,CTBC Flying Oyster,GAM Esports,4.253028780221939,1.6588717147242278,0.7194012794798683,0.2805987205201317,CTBC Flying Oyster,5,5
69564,GAM Esports,CTBC Flying Oyster,1.9942224449752004,3.179281478282064,0.3854684319480766,0.6145315680519233,CTBC Flying Oyster,5,5
69565,Hanwha Life eSports,CTBC Flying Oyster,4.9815996289253235,1.0052867219419865,0.8320852170851126,0.16791478291488734,Hanwha Life eSports,5,5
69566,Movistar KOI,GAM Esports,4.993808627128601,0.7710457829575948,0.866250606154325,0.13374939384567497,Movistar KOI,5,5
69567,G2 Esports,FURIA,4.983913481235504,1.2797810858949106,0.7956827121471192,0.2043172878528808,G2 Esports,5,5
69568,FlyQuest,Cloud9,4.017904469743371,1.0237252944846054,0.7969455627725238,0.2030544372274762,FlyQuest,5,5
69569,Hanwha Life eSports,Movistar KOI,4.9999998807907104,0.17972039214146207,0.965303069920468,0.034696930079532014,Hanwha Life eSports,5,5
69570,FlyQuest,G2 Esports,0.9557534014056872,4.849458992481232,0.16463711171224799,0.8353628882877521,G2 Esports,5,5
69571,GAM Esports,CTBC Flying Oyster,0.7343055890196428,4.996527254581451,0.1281324388722226,0.8718675611277774,CTBC Flying Oyster,5,5
69573,Movistar KOI,CTBC Flying Oyster,4.284443199634552,2.981791440397501,0.5896373310091253,0.4103626689908747,Movistar KOI,5,5
69574,FlyQuest,FURIA,5.0,0.8078687326064348,0.8609010000396682,0.1390989999603318,FlyQuest,5,5
69619,Anyone s Legend,Hanwha Life eSports,5.0,0.03720931229997328,0.9926131097611698,0.007386890238830204,Anyone s Legend,5,5
69620,Hanwha Life eSports,Anyone s Legend,2.644989710301161,4.922728896141052,0.34950952167401494,0.650490478325985,Hanwha Life eSports,5,5
69621,Anyone s Legend,Hanwha Life eSports,4.999852776527405,0.20494672077122547,0.960623512802444,0.03937648719755601,Anyone s Legend,5,5
69622,G2 Esports,Bilibili Gaming,1.028754836236518,4.223552107810974,0.19586723456869162,0.8041327654313084,Bilibili Gaming,5,5
69623,G2 Esports,Bilibili Gaming,4.067163519561291,0.9026902085752255,0.8183668457957423,0.18163315420425782,G2 Esports,5,5
69624,Bilibili Gaming,G2 Esports,1.0006653083982542,5.0,0.16675906036581797,0.833240939634182,G2 Esports,5,5
69625,T1,Movistar KOI,4.744685232639313,0.008537489374703,0.9982038524441191,0.001796147555880893,T1,5,5
69626,Movistar KOI,T1,4.998590409755707,1.1774149744778697,0.8093565498690084,0.19064345013099163,Movistar KOI,5,5
69627,T1,Movistar KOI,3.3354539461433887,0.6539552090329437,0.8360771774475865,0.16392282255241347,T1,5,5
69628,FlyQuest,Gen.G eSports,1.0341787615102476,4.999868631362915,0.17139055996340372,0.8286094400365963,Gen.G eSports,5,5
69629,Gen.G eSports,FlyQuest,3.119801010529045,2.1126332757849013,0.5962427504707045,0.40375724952929554,Gen.G eSports,5,5
69630,Anyone s Legend,T1,5.0,0.9186306353006631,0.8447900043260603,0.15520999567393975,Anyone s Legend,5,5
69631,T1,Anyone s Legend,0.9994447493388731,4.999977231025696,0.16659017362171605,0.833409826378284,Anyone s Legend,5,5
69633,G2 Esports,Gen.G eSports,0.7727751331521333,4.42996546626091,0.1485323203004423,0.8514676796995577,Gen.G eSports,5,5
69634,G2 Esports,Gen.G eSports,4.063382208347321,0.0344587404378938,0.9915910010006345,0.00840899899936549,G2 Esports,5,5
69635,Gen.G eSports,G2 Esports,4.985518157482147,0.46530553428762556,0.9146357393672092,0.08536426063279075,Gen.G eSports,5,5
69700,T1,G2 Esports,4.999011397361755,1.000042851866226,0.8332999152333184,0.16670008476668163,T1,5,5
69701,G2 Esports,T1,0.03637015874783102,4.889094829559326,0.007384106644585276,0.9926158933554148,T1,5,5
69703,Gen.G eSports,Anyone s Legend,4.9960848689079285,1.1563072041655111,0.8120556703097311,0.18794432969026884,Gen.G eSports,5,5
69704,Anyone s Legend,Gen.G eSports,0.9713394487100419,4.999727785587311,0.162674344567876,0.837325655432124,Gen.G eSports,5,5
69705,Anyone s Legend,Gen.G eSports,4.7381210923194885,2.1752718188695894,0.6853539431631334,0.31464605683686664,Anyone s Legend,5,5
69706,Gen.G eSports,Anyone s Legend,3.9785026367881073,4.8514822125434875,0.45056732312392006,0.5494326768760799,Anyone s Legend,5,5
69707,Gen.G eSports,Anyone s Legend,4.999989032745361,1.0001849462030663,0.833307342468367,0.16669265753163306,Gen.G eSports,5,5
69734,Weibo Gaming,Top Esports,1.9143289732748197,4.948233604431152,0.2789524979333222,0.7210475020666777,Top Esports,5,5
69735,Weibo Gaming,Top Esports,3.2230773945339024,2.3844420983441523,0.5747777423917007,0.42522225760829935,Weibo Gaming,5,5
69736,Top Esports,Weibo Gaming,4.944379150867462,1.3825929354408117,0.7814763655378254,0.21852363446217465,Top Esports,5,5
69756,Invictus Gaming,Team WE,4.552328586578369,1.8778537856560433,0.7079625931350512,0.2920374068649489,Invictus Gaming,5,5
69757,Team WE,Invictus Gaming,0.8770487524469739,4.956478476524353,0.15034621730935693,0.849653782690643,Invictus Gaming,5,5
69759,Funplus Phoenix,Top Esports,1.0327165180577171,4.9444884061813354,0.17277582601690544,0.8272241739830946,Top Esports,5,5
69760,Funplus Phoenix,Top Esports,0.3804858139092182,5.0,0.07071588460016297,0.929284115399837,Top Esports,5,5
69765,JD Gaming,Invictus Gaming,0.01116432352192498,5.0,0.002227890127154824,0.9977721098728453,Invictus Gaming,5,5
69766,JD Gaming,Invictus Gaming,1.65889163792599,4.746776580810547,0.25897245709257044,0.7410275429074296,Invictus Gaming,5,5
69780,Anyone s Legend,Bilibili Gaming,4.794649302959442,1.0885335002990484,0.814975407581055,0.18502459241894498,Anyone s Legend,5,5
69781,Bilibili Gaming,Anyone s Legend,4.3064859211444855,1.052334684053676,0.803625692744241,0.19637430725575897,Bilibili Gaming,5,5
69782,Anyone s Legend,Bilibili Gaming,0.9955818759087192,4.979701459407806,0.16661668075627425,0.8333833192437258,Bilibili Gaming,5,5
69786,Bilibili Gaming,Funplus Phoenix,4.984034419059753,1.0007104158285074,0.8327897941454689,0.16721020585453103,Bilibili Gaming,5,5
69787,Funplus Phoenix,Bilibili Gaming,0.17848494155763628,4.999999523162842,0.03446663647899356,0.9655333635210064,Bilibili Gaming,5,5
69789,Anyone s Legend,Weibo Gaming,4.7517242431640625,0.3361472619144479,0.9339316526412039,0.06606834735879613,Anyone s Legend,5,5
69790,Weibo Gaming,Anyone s Legend,4.812671601772308,1.2789506841869986,0.7900476056870965,0.20995239431290344,Weibo Gaming,5,5
69791,Anyone s Legend,Weibo Gaming,1.0000162362663332,4.93261057138443,0.16856213422639432,0.8314378657736057,Weibo Gaming,5,5
69982,KT Rolster,Nongshim RedForce,4.9979652762413025,2.393966452596068,0.676137910844504,0.32386208915549597,KT Rolster,5,5
69983,Nongshim RedForce,KT Rolster,0.20552754348744173,4.999999761581421,0.03948255987194805,0.960517440128052,KT Rolster,5,5
69985,T1,Gen.G eSports,1.0057395415979045,4.9873762130737305,0.1678158044609651,0.8321841955390349,Gen.G eSports,5,5
69986,T1,Gen.G eSports,4.999122262001038,0.40731534301448846,0.9246610480371356,0.07533895196286441,T1,5,5
69987,Gen.G eSports,T1,0.060191840321977,4.974977731704712,0.011954282663364083,0.9880457173366359,T1,5,5
69994,Hanwha Life eSports,KT Rolster,4.3053852915763855,1.8717577584902756,0.6969864962945813,0.3030135037054187,Hanwha Life eSports,5,5
69995,KT Rolster,Hanwha Life eSports,1.0010209612284044,4.903237223625183,0.16954220663933037,0.8304577933606697,Hanwha Life eSports,5,5
70000,T1,Nongshim RedForce,4.0179220121353865,2.108113517955644,0.6558763808011544,0.3441236191988456,T1,5,5
70001,Nongshim RedForce,T1,1.001367892556301,4.163397014141083,0.19388450600293192,0.8061154939970681,T1,5,5
70128,KT Rolster,T1,1.0015543536033935,5.0,0.16688249319979087,0.8331175068002091,T1,5,5
70129,KT Rolster,T1,1.634616525998541,4.995567858219147,0.24654163915705543,0.7534583608429446,T1,5,5
70134,Nongshim RedForce,Hanwha Life eSports,0.046691377933484546,5.0,0.009251878990984326,0.9907481210090157,Hanwha Life eSports,5,5
70135,Nongshim RedForce,Hanwha Life eSports,0.06378865449005389,4.059903666377068,0.015468820058970972,0.984531179941029,Hanwha Life eSports,5,5
70137,Gen.G eSports,KT Rolster,2.847691234201193,4.631596803665161,0.38074362423051766,0.6192563757694823,Gen.G eSports,5,5
70138,KT Rolster,Gen.G eSports,2.1345960481557995,4.999999761581421,0.2991894853023805,0.7008105146976196,Gen.G eSports,5,5
70143,T1,Hanwha Life eSports,5.0,0.9800944021944282,0.8361072022818273,0.1638927977181727,T1,5,5
70144,Hanwha Life eSports,T1,2.8638417072361335,4.015056379139423,0.4163227411245268,0.5836772588754733,T1,5,5
70152,Nongshim RedForce,Gen.G eSports,0.9851674966267532,4.976042091846466,0.16526301952739655,0.8347369804726035,Gen.G eSports,5,5
70153,Nongshim RedForce,Gen.G eSports,0.04752701353824407,4.999994158744812,0.009415911675462475,0.9905840883245376,Gen.G eSports,5,5
70209,Top Esports,JD Gaming,4.999987363815308,0.007824511787838162,0.9984375387929492,0.001562461207050788,Top Esports,5,5
70210,JD Gaming,Top Esports,0.9905579076666491,4.999826908111572,0.16535797584448905,0.8346420241555109,Top Esports,5,5
70215,Funplus Phoenix,Invictus Gaming,4.091624893248081,1.2222001042682678,0.7699961694561795,0.2300038305438205,Funplus Phoenix,5,5
70216,Invictus Gaming,Funplus Phoenix,3.9661694747628644,1.9989126815803218,0.6648977115168975,0.33510228848310253,Funplus Phoenix,5,5
70218,Anyone s Legend,Team WE,4.999998450279236,0.6280946735407953,0.8884000922297319,0.11159990777026804,Anyone s Legend,5,5
70219,Team WE,Anyone s Legend,4.99997866153717,0.9946295363662045,0.8340793086837471,0.16592069131625284,Team WE,5,5
70220,Anyone s Legend,Team WE,3.269284226000309,2.2887723110616207,0.5882063638972087,0.4117936361027913,Anyone s Legend,5,5
70224,Top Esports,Team WE,1.003941078140997,5.0,0.16721367932742068,0.8327863206725793,Team WE,5,5
70225,Top Esports,Team WE,4.57814085483551,0.10717527129460797,0.9771252849520892,0.022874715047910846,Top Esports,5,5
70226,Team WE,Top Esports,3.033824501093477,4.973041594028473,0.37890286474776746,0.6210971352522325,Top Esports,5,5
70227,Weibo Gaming,Bilibili Gaming,0.40496033034299445,4.999952673912048,0.07492448630055425,0.9250755136994457,Bilibili Gaming,5,5
70228,Weibo Gaming,Bilibili Gaming,1.0102800638011393,4.999970316886902,0.16809284136437,0.83190715863563,Bilibili Gaming,5,5
70233,Invictus Gaming,Weibo Gaming,4.999985933303833,1.0011503932473715,0.8331731960798959,0.1668268039201041,Invictus Gaming,5,5
70234,Weibo Gaming,Invictus Gaming,4.902198135852814,1.8404259611110092,0.7270460380640609,0.2729539619359391,Invictus Gaming,5,5
70242,JD Gaming,Anyone s Legend,1.00154579961236,4.999998211860657,0.16688135548081082,0.833118644519189,Anyone s Legend,5,5
70243,JD Gaming,Anyone s Legend,0.9904784475759689,4.986853241920471,0.16570578629867064,0.8342942137013294,Anyone s Legend,5,5
70248,Bilibili Gaming,Top Esports,4.717144191265106,1.0005462636344893,0.8250086688800891,0.17499133111991094,Bilibili Gaming,5,5
70249,Top Esports,Bilibili Gaming,0.5511715270893559,4.9999964237213135,0.09928929046523716,0.9007107095347627,Bilibili Gaming,5,5
70254,PSG Talon,CTBC Flying Oyster,1.0320623855550934,4.007921832613647,0.20477492406317285,0.7952250759368271,CTBC Flying Oyster,5,5
70255,PSG Talon,CTBC Flying Oyster,0.7408048840434489,5.0,0.12904198958276983,0.8709580104172302,CTBC Flying Oyster,5,5
70260,Team Secret Whales,GAM Esports,5.0,0.23692081994886394,0.9547595184089155,0.04524048159108454,Team Secret Whales,5,5
70261,GAM Esports,Team Secret Whales,0.8768940264890261,4.966675519943237,0.15006136566380143,0.8499386343361985,Team Secret Whales,5,5
70263,100 Thieves,FlyQuest,1.4139732244513221,4.497754395008087,0.23918105086523272,0.7608189491347673,FlyQuest,5,5
70264,100 Thieves,FlyQuest,1.1837442053412843,4.010997570119798,0.22787354145937616,0.7721264585406238,FlyQuest,5,5
70281,Leviatan,Vivo Keyd Stars,1.654322916201636,4.946274518966675,0.2506322999471717,0.7493677000528284,Vivo Keyd Stars,5,5
70282,Leviatan,Vivo Keyd Stars,4.361493647098541,3.959672636105097,0.5241445127592586,0.47585548724074145,Vivo Keyd Stars,5,5
70367,Team Heretics,Fnatic,2.0313205474521965,4.822553932666779,0.2963755104276341,0.7036244895723659,Fnatic,5,5
70368,Team Heretics,Fnatic,4.716054260730743,1.690008915688443,0.7361860367051342,0.26381396329486584,Team Heretics,5,5
70369,Fnatic,Team Heretics,4.999944806098938,0.9959923872312011,0.8338887891722515,0.16611121082774846,Fnatic,5,5
70376,SK Gaming,Fnatic,0.18051579942465423,4.851699233055115,0.035872036123166195,0.9641279638768337,Fnatic,5,5
70377,SK Gaming,Fnatic,1.0171469305846585,4.994126379489899,0.16920656874475784,0.8307934312552422,Fnatic,5,5
70546,Top Esports,Anyone s Legend,4.983977198600769,1.9979285378940403,0.7138419489895492,0.2861580510104507,Top Esports,5,5
70547,Anyone s Legend,Top Esports,5.0,0.127058293014656,0.9752180908128613,0.02478190918713878,Anyone s Legend,5,5
70548,Top Esports,Anyone s Legend,4.9999754428863525,1.0290866512223147,0.8293123150567826,0.1706876849432174,Top Esports,5,5
70549,Bilibili Gaming,JD Gaming,0.30397171946311663,4.144471749663353,0.06833215293681294,0.9316678470631871,JD Gaming,5,5
70550,Bilibili Gaming,JD Gaming,4.999999761581421,0.0005707385114759548,0.999885865320474,0.00011413467952613648,Bilibili Gaming,5,5
70551,JD Gaming,Bilibili Gaming,2.0185671089584503,4.603641927242279,0.304817787829382,0.695182212170618,Bilibili Gaming,5,5
70552,Invictus Gaming,Anyone s Legend,4.933004915714264,1.7931161154992878,0.7334100728818186,0.2665899271181814,Invictus Gaming,5,5
70553,Anyone s Legend,Invictus Gaming,3.5933454371988773,3.3293450558558106,0.5190677585259611,0.4809322414740389,Invictus Gaming,5,5
70564,Anyone s Legend,Funplus Phoenix,0.06334784531052184,5.0,0.012511059331859292,0.9874889406681406,Funplus Phoenix,5,5
70565,Anyone s Legend,Funplus Phoenix,4.999991297721863,0.5594384510841337,0.899371252743272,0.10062874725672805,Anyone s Legend,5,5
70566,Funplus Phoenix,Anyone s Legend,1.3019653132651001,5.0,0.2065967120645006,0.7934032879354994,Anyone s Legend,5,5
70567,Team WE,Bilibili Gaming,0.8963998317885927,4.9999775886535645,0.15202551802075343,0.8479744819792466,Bilibili Gaming,5,5
70568,Team WE,Bilibili Gaming,4.999999642372131,1.153994562980074,0.812480394931729,0.18751960506827106,Team WE,5,5
70569,Bilibili Gaming,Team WE,4.984448194503784,0.8328650689540769,0.8568299434404165,0.14317005655958343,Bilibili Gaming,5,5
70570,Top Esports,Weibo Gaming,4.99983549118042,0.011862148519905007,0.9976331077066705,0.0023668922933296325,Top Esports,5,5
70571,Weibo Gaming,Top Esports,1.2012063164579558,2.567185099236667,0.3187583729904392,0.6812416270095608,Top Esports,5,5
70573,Invictus Gaming,JD Gaming,5.0,0.7892224568295205,0.863673841743898,0.13632615825610195,Invictus Gaming,5,5
70574,JD Gaming,Invictus Gaming,1.810151601650805,4.797132194042206,0.2739630470891474,0.7260369529108526,Invictus Gaming,5,5
70579,Bilibili Gaming,Team WE,4.986747324466705,2.026742354424357,0.7110222660590247,0.2889777339409752,Bilibili Gaming,5,5
70580,Team WE,Bilibili Gaming,4.009268797934055,0.983381231984481,0.8030342150778539,0.19696578492214617,Team WE,5,5
70581,Bilibili Gaming,Team WE,4.95644599199295,1.0623465283279074,0.8234950740134045,0.17650492598659548,Bilibili Gaming,5,5
70585,PSG Talon,GAM Esports,1.2154033868282568,4.999996185302734,0.1955471040474953,0.8044528959525047,GAM Esports,5,5
70586,PSG Talon,GAM Esports,1.2822266182160211,4.858469784259796,0.20880801364793913,0.7911919863520609,GAM Esports,5,5
70591,Team Secret Whales,CTBC Flying Oyster,0.945455431367148,4.94044041633606,0.1606306764221938,0.8393693235778061,CTBC Flying Oyster,5,5
70592,Team Secret Whales,CTBC Flying Oyster,1.404897249341957,4.999950885772705,0.21934903368584022,0.7806509663141598,CTBC Flying Oyster,5,5
70606,Hanwha Life eSports,Nongshim RedForce,4.280519366264343,0.2020868019605615,0.9549175648324717,0.04508243516752825,Hanwha Life eSports,5,5
70607,Nongshim RedForce,Hanwha Life eSports,2.9782700771465898,3.1964842304587364,0.482330134735614,0.5176698652643861,Hanwha Life eSports,5,5
70615,Gen.G eSports,T1,0.9984962008323759,5.0,0.16645775331054147,0.8335422466894585,T1,5,5
70616,Gen.G eSports,T1,4.470517545938492,0.03387787929851506,0.9924789286684943,0.007521071331505607,Gen.G eSports,5,5
70617,T1,Gen.G eSports,0.5455021870855603,4.999853253364563,0.09837100487850446,0.9016289951214955,Gen.G eSports,5,5
70621,KT Rolster,Hanwha Life eSports,2.045268167562142,4.592420697212219,0.30812956274829373,0.6918704372517063,Hanwha Life eSports,5,5
70622,KT Rolster,Hanwha Life eSports,1.3191544754372444,4.9995779395103455,0.2087688461560191,0.7912311538439809,Hanwha Life eSports,5,5
70627,Nongshim RedForce,T1,0.37275313924766884,4.9999998807907104,0.06937842440503736,0.9306215755949626,T1,5,5
70628,Nongshim RedForce,T1,0.18995615755175854,4.812222421169281,0.03797468534206683,0.9620253146579332,T1,5,5
70630,KT Rolster,Gen.G eSports,1.0020021238932486,4.983256995677948,0.16741165317585036,0.8325883468241496,Gen.G eSports,5,5
70631,KT Rolster,Gen.G eSports,1.0077119505473933,4.007755763363093,0.2009208329170352,0.7990791670829648,Gen.G eSports,5,5
70673,FlyQuest,LYON,4.4651267528533936,0.9994267986621708,0.8171073283040688,0.18289267169593115,FlyQuest,5,5
70674,LYON,FlyQuest,2.4700739909894764,4.60044527053833,0.34934831511310244,0.6506516848868976,FlyQuest,5,5
70676,Shopify Rebellion,100 Thieves,1.0973436341537308,4.999814212322235,0.17997625480337093,0.820023745196629,100 Thieves,5,5
70677,100 Thieves,Shopify Rebellion,0.9139322630708888,4.999496579170227,0.1545520014618997,0.8454479985381004,Shopify Rebellion,5,5
70678,Shopify Rebellion,100 Thieves,4.985504329204559,0.8735433936978154,0.8509069331722235,0.14909306682777648,Shopify Rebellion,5,5
70682,Vivo Keyd Stars,FURIA,0.011276349062755067,4.461340546607971,0.002521197170647461,0.9974788028293525,FURIA,5,5
70683,Vivo Keyd Stars,FURIA,4.939069747924805,0.16287658578354833,0.9680755979914117,0.03192440200858823,Vivo Keyd Stars,5,5
70684,Vivo Keyd Stars,FURIA,0.9161928803901986,4.616106867790222,0.16560796090116692,0.8343920390988331,FURIA,5,5
70712,G2 Esports,Team Heretics,4.999999165534973,0.0016433561641622171,0.999671436701637,0.0003285632983630233,G2 Esports,5,5
70713,G2 Esports,Team Heretics,5.0,1.034776817610691,0.8285310544391626,0.1714689455608374,G2 Esports,5,5
70715,Movistar KOI,GIANTX,1.018109666169039,4.999922752380371,0.16917650078303245,0.8308234992169675,GIANTX,5,5
70716,Movistar KOI,GIANTX,4.998408913612366,1.1424894443286189,0.8139540214256713,0.18604597857432872,Movistar KOI,5,5
70717,GIANTX,Movistar KOI,4.054792203009129,2.996603989875439,0.5750339496028806,0.4249660503971194,Movistar KOI,5,5
70718,Fnatic,Team BDS,4.996873736381531,0.08230468936573987,0.9837956688135776,0.016204331186422307,Fnatic,5,5
70719,Fnatic,Team BDS,4.0261880829930305,0.09556461135787897,0.976814569324148,0.02318543067585194,Fnatic,5,5
70721,Karmine Corp,Movistar KOI,4.246426671743393,0.7274633813747187,0.8537435742234241,0.146256425776576,Karmine Corp,5,5
70722,Movistar KOI,Karmine Corp,4.9099913239479065,1.0033569221638814,0.8303233835714614,0.16967661642853862,Movistar KOI,5,5
70723,Karmine Corp,Movistar KOI,4.979457378387451,1.287225556319754,0.7945921997759575,0.2054078002240425,Karmine Corp,5,5
70938,T1,KT Rolster,4.999995708465576,0.6432017626283689,0.8860217516889972,0.11397824831100284,T1,5,5
70939,KT Rolster,T1,1.3209079154223855,4.999972939491272,0.20897529090356964,0.7910247090964304,T1,5,5
70944,Gen.G eSports,Nongshim RedForce,4.993908047676086,0.5402459318297481,0.9023796710697977,0.0976203289302024,Gen.G eSports,5,5
70945,Nongshim RedForce,Gen.G eSports,0.0033274632720479147,5.0,0.0006650500684741988,0.9993349499315258,Gen.G eSports,5,5
70953,Hanwha Life eSports,T1,2.0037324586840053,4.753541529178619,0.2965297044759614,0.7034702955240385,T1,5,5
70954,Hanwha Life eSports,T1,1.983512595295906,4.8304412961006165,0.2910956878942696,0.7089043121057303,T1,5,5
70956,Nongshim RedForce,KT Rolster,0.010579257990258384,4.99999737739563,0.0021113853274980646,0.9978886146725019,KT Rolster,5,5
70957,Nongshim RedForce,KT Rolster,3.910603813827038,1.0113695585332607,0.7945194981726881,0.20548050182731187,Nongshim RedForce,5,5
70958,KT Rolster,Nongshim RedForce,4.999999165534973,0.08825559446647802,0.9826550362296614,0.017344963770338583,KT Rolster,5,5
70962,Hanwha Life eSports,Gen.G eSports,1.015114077770157,4.866701304912567,0.17258516490654602,0.8274148350934539,Gen.G eSports,5,5
70963,Hanwha Life eSports,Gen.G eSports,4.9999977350234985,1.2476262946686956,0.8003038773237188,0.19969612267628137,Hanwha Life eSports,5,5
70964,Gen.G eSports,Hanwha Life eSports,4.999668002128601,1.008609751051237,0.8321299726003117,0.1678700273996883,Gen.G eSports,5,5
70971,PSG Talon,MGN Vikings Esports,1.3843412544038143,4.999959945678711,0.216835204201506,0.783164795798494,MGN Vikings Esports,5,5
70972,MGN Vikings Esports,PSG Talon,4.997095942497253,1.015487765916987,0.8311062572823935,0.1688937427176065,MGN Vikings Esports,5,5
70986,JD Gaming,Top Esports,0.04494083305121291,4.999483406543732,0.008909011398855214,0.9910909886011448,Top Esports,5,5
70987,JD Gaming,Top Esports,4.959116995334625,1.4483456022321244,0.7739595697707018,0.22604043022929815,JD Gaming,5,5
70988,Top Esports,JD Gaming,4.121323794126511,1.267610499493458,0.7647752912864054,0.23522470871359466,Top Esports,5,5
70989,Bilibili Gaming,Anyone s Legend,5.0,0.875533838768412,0.8509865039000549,0.14901349609994505,Bilibili Gaming,5,5
70990,Anyone s Legend,Bilibili Gaming,3.985252142418176,1.1707315632266102,0.772937303516904,0.2270626964830959,Anyone s Legend,5,5
70991,Bilibili Gaming,Anyone s Legend,4.005746766924858,2.1231743104290217,0.6535810653078783,0.34641893469212165,Anyone s Legend,5,5
70998,Anyone s Legend,Invictus Gaming,4.969435214996338,1.093718597049028,0.8196122627012709,0.1803877372987292,Anyone s Legend,5,5
70999,Invictus Gaming,Anyone s Legend,0.999119936778703,4.995855748653412,0.16665954779542813,0.8333404522045719,Anyone s Legend,5,5
71001,Bilibili Gaming,Weibo Gaming,0.07435819453712611,4.999485492706299,0.014655200104819206,0.9853447998951808,Weibo Gaming,5,5
71002,Bilibili Gaming,Weibo Gaming,2.184746464394266,2.6635363570894697,0.45062273486051724,0.5493772651394827,Bilibili Gaming,5,5
71003,Weibo Gaming,Bilibili Gaming,0.627321122881825,5.0,0.11147775454487757,0.8885222454551224,Bilibili Gaming,5,5
71010,Invictus Gaming,Top Esports,0.9904614016602409,4.013409001752734,0.19793905952973517,0.8020609404702648,Top Esports,5,5
71011,Invictus Gaming,Top Esports,4.9999531507492065,0.9817195341617251,0.8358787606954554,0.16412123930454467,Invictus Gaming,5,5
71012,Top Esports,Invictus Gaming,1.0014110409146755,4.589393675327301,0.17911751380001756,0.8208824861999825,Invictus Gaming,5,5
71013,Weibo Gaming,Anyone s Legend,1.0010177860432634,4.999721467494965,0.16681574448565337,0.8331842555143466,Anyone s Legend,5,5
71014,Weibo Gaming,Anyone s Legend,0.987945404762587,4.9711368680000305,0.16578818004883455,0.8342118199511654,Anyone s Legend,5,5
71016,Top Esports,Bilibili Gaming,4.998486161231995,0.10958994448489356,0.9785457494726357,0.021454250527364306,Top Esports,5,5
71017,Bilibili Gaming,Top Esports,0.01950815849704668,4.748215079307556,0.004091713701491955,0.995908286298508,Top Esports,5,5
71025,Movistar KOI,Natus Vincere,3.0590251718240324,1.9514023338166524,0.6105317696703955,0.3894682303296046,Movistar KOI,5,5
71026,Natus Vincere,Movistar KOI,1.2624885578698013,4.9198830127716064,0.20420780980959718,0.7957921901904028,Movistar KOI,5,5
71034,Fnatic,G2 Esports,0.03928882980083115,4.999996304512024,0.0077965085827969285,0.992203491417203,G2 Esports,5,5
71035,Fnatic,G2 Esports,1.002692396769395,4.2726516127586365,0.19007147116062728,0.8099285288393727,G2 Esports,5,5
71040,G2 Esports,Team BDS,4.117270991206169,0.011552586609468563,0.9972019665186129,0.0027980334813870835,G2 Esports,5,5
71041,G2 Esports,Team BDS,4.993648827075958,0.9998599087963402,0.8331761989747363,0.16682380102526373,G2 Esports,5,5
71048,LYON,100 Thieves,2.648875642567873,4.14723114669323,0.38976368746199,0.6102363125380099,100 Thieves,5,5
71049,LYON,100 Thieves,0.18810092596426387,4.999799907207489,0.03625761787147802,0.9637423821285219,100 Thieves,5,5
71050,LYON,100 Thieves,4.992672860622406,0.5749688867105882,0.8967302651996226,0.10326973480037742,LYON,5,5
71051,100 Thieves,LYON,4.630946040153503,1.0863272060087183,0.8099920785248585,0.19000792147514142,100 Thieves,5,5
71058,FlyQuest,Team Liquid,4.999845266342163,0.3486761017226604,0.9348088793653232,0.06519112063467677,FlyQuest,5,5
71059,Team Liquid,FlyQuest,4.630232512950897,2.898687249980867,0.6149929417162341,0.3850070582837659,FlyQuest,5,5
71060,Team Liquid,FlyQuest,1.0114745173959818,4.18106883764267,0.19479365856704586,0.8052063414329541,FlyQuest,5,5
71078,Vivo Keyd Stars,FURIA,4.858212947845459,1.0398129464301746,0.8237015291100415,0.17629847088995856,Vivo Keyd Stars,5,5
71079,FURIA,Vivo Keyd Stars,3.9537730496376753,3.7906388640403748,0.5105323804709545,0.4894676195290455,Vivo Keyd Stars,5,5
71080,FURIA,Vivo Keyd Stars,0.9212617397980443,4.999999523162842,0.1555853894778785,0.8444146105221214,Vivo Keyd Stars,5,5
71253,CTBC Flying Oyster,MGN Vikings Esports,4.999995827674866,1.9087577529858102,0.7237189413834503,0.2762810586165498,CTBC Flying Oyster,5,5
71254,MGN Vikings Esports,CTBC Flying Oyster,5.0,0.26150323446445045,0.9502987601049973,0.049701239895002726,MGN Vikings Esports,5,5
71255,CTBC Flying Oyster,MGN Vikings Esports,4.999877452850342,0.9923936062916994,0.8343877310460338,0.16561226895396616,CTBC Flying Oyster,5,5
71256,Team Secret Whales,GAM Esports,2.0529439359711716,4.994674742221832,0.29129611429225943,0.7087038857077406,GAM Esports,5,5
71257,Team Secret Whales,GAM Esports,1.1947181366558652,4.137684419751167,0.22404875176206973,0.7759512482379303,GAM Esports,5,5
71259,PSG Talon,Chiefs Esports Club,4.999995708465576,1.4140252431388944,0.7795415303741445,0.2204584696258554,PSG Talon,5,5
71260,Chiefs Esports Club,PSG Talon,1.0123414543986389,4.828807771205902,0.1733120342074234,0.8266879657925766,PSG Talon,5,5
71378,Gen.G eSports,Nongshim RedForce,4.999882817268372,1.017940005469359,0.8308457999755033,0.16915420002449663,Gen.G eSports,5,5
71379,Nongshim RedForce,Gen.G eSports,0.8209972219785868,4.987000346183777,0.1413563301884006,0.8586436698115993,Gen.G eSports,5,5
71381,KT Rolster,Hanwha Life eSports,4.981577277183533,2.90284472681968,0.6318252973590457,0.3681747026409543,KT Rolster,5,5
71382,Hanwha Life eSports,KT Rolster,4.985128223896027,1.4249100874988927,0.7777064631632739,0.2222935368367262,Hanwha Life eSports,5,5
71383,KT Rolster,Hanwha Life eSports,2.5949341002037727,3.010180041193962,0.4629582975016241,0.5370417024983759,Hanwha Life eSports,5,5
71387,Nongshim RedForce,T1,0.513213020549756,4.999999046325684,0.09308784322541298,0.906912156774587,T1,5,5
71388,Nongshim RedForce,T1,4.9999260902404785,0.5957223066034203,0.8935382882635328,0.10646171173646726,Nongshim RedForce,5,5
71389,T1,Nongshim RedForce,4.042074076831341,1.130710384430131,0.7814116569329494,0.21858834306705058,T1,5,5
71393,Hanwha Life eSports,Gen.G eSports,1.0052992603395978,4.9985634088516235,0.16744208116189663,0.8325579188381034,Gen.G eSports,5,5
71394,Hanwha Life eSports,Gen.G eSports,5.0,0.9986430242390979,0.8335218448232679,0.16647815517673206,Hanwha Life eSports,5,5
71395,Gen.G eSports,Hanwha Life eSports,4.994636952877045,1.0000798003752607,0.83317313535578,0.16682686464422006,Gen.G eSports,5,5
71402,KT Rolster,T1,4.398218542337418,3.0332170389592648,0.5918396915673714,0.4081603084326286,KT Rolster,5,5
71403,T1,KT Rolster,1.7388490029891912,5.0,0.25803353098101467,0.7419664690189853,KT Rolster,5,5
71405,PSG Talon,DetonatioN FocusMe,4.997501909732819,1.002505219818987,0.8329159952358468,0.1670840047641532,PSG Talon,5,5
71406,PSG Talon,DetonatioN FocusMe,4.9740269780159,0.749058373681593,0.8691163371415701,0.13088366285842984,PSG Talon,5,5
71408,CTBC Flying Oyster,GAM Esports,4.992221713066101,0.9961532487432123,0.8336521585411484,0.16634784145885162,CTBC Flying Oyster,5,5
71409,GAM Esports,CTBC Flying Oyster,2.233612744603306,2.6068273596465588,0.4614482767057097,0.5385517232942902,CTBC Flying Oyster,5,5
71414,Team Secret Whales,MGN Vikings Esports,4.4645534455776215,2.022471624785794,0.6882281781173244,0.3117718218826756,Team Secret Whales,5,5
71415,MGN Vikings Esports,Team Secret Whales,4.936506450176239,1.9631591250254357,0.7154703943795054,0.2845296056204946,MGN Vikings Esports,5,5
71416,Team Secret Whales,MGN Vikings Esports,4.999991178512573,0.7687168783741072,0.8667436675953096,0.1332563324046904,Team Secret Whales,5,5
71420,Bilibili Gaming,Invictus Gaming,1.4114467996917526,4.479405730962753,0.23959975102872472,0.7604002489712752,Invictus Gaming,5,5
71421,Bilibili Gaming,Invictus Gaming,4.98358154296875,1.0380898116441712,0.8276076938591245,0.1723923061408755,Bilibili Gaming,5,5
71422,Invictus Gaming,Bilibili Gaming,1.9598380340612493,4.029252789914608,0.3272346490748676,0.6727653509251323,Invictus Gaming,5,5
71426,Anyone s Legend,Top Esports,1.0256819664019796,4.999284565448761,0.170238616427121,0.8297613835728791,Top Esports,5,5
71427,Anyone s Legend,Top Esports,1.120684335716931,4.99999463558197,0.18309804205906666,0.8169019579409335,Top Esports,5,5
71432,Funplus Phoenix,Anyone s Legend,0.931611872761873,5.0,0.15705880505092734,0.8429411949490727,Anyone s Legend,5,5
71433,Funplus Phoenix,Anyone s Legend,1.030968997409218,4.363326847553253,0.1911220717291583,0.8088779282708417,Anyone s Legend,5,5
71438,JD Gaming,Bilibili Gaming,0.9976623914128595,4.903849899768829,0.16905198908144486,0.8309480109185552,Bilibili Gaming,5,5
71439,JD Gaming,Bilibili Gaming,4.999137997627258,0.9898128969338984,0.8347268303981599,0.16527316960184016,JD Gaming,5,5
71440,Bilibili Gaming,JD Gaming,4.9999998807907104,1.0082559082597982,0.8321882516890756,0.16781174831092435,Bilibili Gaming,5,5
71441,Invictus Gaming,Funplus Phoenix,5.0,0.7770885827184377,0.8654878540303125,0.13451214596968752,Invictus Gaming,5,5
71442,Funplus Phoenix,Invictus Gaming,0.998714948399704,4.9947996735572815,0.16663260397179216,0.8333673960282078,Invictus Gaming,5,5
71450,Team WE,Top Esports,4.113865897059441,1.2367391953046651,0.7688599375293785,0.23114006247062155,Team WE,5,5
71451,Top Esports,Team WE,4.999665975570679,1.0009127431947036,0.8331972981098328,0.16680270189016722,Top Esports,5,5
71452,Team WE,Top Esports,1.9579166212201784,4.9999388456344604,0.28139656400555735,0.7186034359944427,Top Esports,5,5
71453,Weibo Gaming,Invictus Gaming,4.827310562133789,0.9971259878027467,0.8288030130891182,0.1711969869108818,Invictus Gaming,5,5
71454,Weibo Gaming,Invictus Gaming,4.999967336654663,0.859015857535784,0.8533848230888335,0.14661517691116654,Weibo Gaming,5,5
71455,Invictus Gaming,Weibo Gaming,4.999976754188538,0.012779773438623465,0.9974505497388135,0.0025494502611865134,Invictus Gaming,5,5
71459,Anyone s Legend,JD Gaming,4.9949764013290405,1.0088779437883204,0.8319616223520161,0.16803837764798393,Anyone s Legend,5,5
71460,JD Gaming,Anyone s Legend,1.507254170073793,4.999999403953552,0.2316267766311974,0.7683732233688025,Anyone s Legend,5,5
71514,SK Gaming,G2 Esports,0.915121815940596,4.986351847648621,0.15506666099125285,0.8449333390087471,G2 Esports,5,5
71515,G2 Esports,SK Gaming,2.528985469136387,1.7533070957288146,0.5905681199565576,0.4094318800434424,G2 Esports,5,5
71520,Team Vitality,Movistar KOI,1.7290637712865191,4.9917232394218445,0.2572710262252869,0.742728973774713,Movistar KOI,5,5
71521,Movistar KOI,Team Vitality,4.999988317489624,1.0034013377035222,0.8328608677206977,0.1671391322793023,Movistar KOI,5,5
71636,GAM Esports,Team Secret Whales,4.9999998807907104,0.1428708771157682,0.9722196252168844,0.02778037478311569,GAM Esports,5,5
71637,GAM Esports,Team Secret Whales,2.2178029771894217,4.8948840498924255,0.31180944258408194,0.6881905574159181,GAM Esports,5,5
71667,T1,Hanwha Life eSports,5.0,0.016477341767021647,0.9967153560866642,0.0032846439133357294,T1,5,5
71668,Hanwha Life eSports,T1,3.316348649095744,4.339433133602142,0.4331822331444598,0.5668177668555402,Hanwha Life eSports,5,5
71669,T1,Hanwha Life eSports,4.995977997779846,1.002108079236279,0.8329286931916123,0.1670713068083876,T1,5,5
71676,Gen.G eSports,KT Rolster,4.99626487493515,0.08691037100184534,0.9829023461130297,0.017097653886970193,Gen.G eSports,5,5
71677,KT Rolster,Gen.G eSports,1.0166121981079979,4.999999403953552,0.16896756269918817,0.8310324373008119,Gen.G eSports,5,5
71682,Hanwha Life eSports,Nongshim RedForce,4.976588070392609,1.9639553950970594,0.717031468088573,0.282968531911427,Hanwha Life eSports,5,5
71683,Nongshim RedForce,Hanwha Life eSports,1.5973597488141138,4.999455511569977,0.24214104621160934,0.7578589537883906,Hanwha Life eSports,5,5
71685,T1,Gen.G eSports,3.10807216912508,3.9383945018053055,0.44108236287374697,0.5589176371262531,T1,5,5
71686,Gen.G eSports,T1,5.0,0.0011401146276182788,0.9997720290570777,0.00022797094292231624,Gen.G eSports,5,5
71687,T1,Gen.G eSports,0.32773557137120624,4.9997681975364685,0.061517661101233446,0.9384823388987666,Gen.G eSports,5,5
71691,Nongshim RedForce,KT Rolster,1.035567670462908,4.999616861343384,0.1715884021450077,0.8284115978549923,KT Rolster,5,5
71692,Nongshim RedForce,KT Rolster,0.38937833257217846,4.999995589256287,0.0722492701786914,0.9277507298213086,KT Rolster,5,5
71697,DetonatioN FocusMe,Team Secret Whales,1.9675909995436887,5.0,0.28239186250635945,0.7176081374936406,Team Secret Whales,5,5
71698,DetonatioN FocusMe,Team Secret Whales,0.9156386798790664,4.9511353969573975,0.15607191752862,0.84392808247138,Team Secret Whales,5,5
71700,MGN Vikings Esports,PSG Talon,1.0001443779274588,5.0,0.16668671867408028,0.8333132813259198,PSG Talon,5,5
71701,MGN Vikings Esports,PSG Talon,0.17678177224320316,5.0,0.03414897131477885,0.9658510286852212,PSG Talon,5,5
71706,Funplus Phoenix,Bilibili Gaming,1.6990129050100222,4.933223843574524,0.2561749481232898,0.7438250518767102,Bilibili Gaming,5,5
71707,Funplus Phoenix,Bilibili Gaming,1.3047084678978536,3.9401611164212227,0.2487589914148913,0.7512410085851087,Bilibili Gaming,5,5
71709,Team WE,Invictus Gaming,0.8646809932840731,4.999998211860657,0.14743875377284754,0.8525612462271523,Invictus Gaming,5,5
71710,Team WE,Invictus Gaming,0.9682850764303205,4.999987959861755,0.16223873648915524,0.8377612635108448,Invictus Gaming,5,5
71712,Top Esports,Funplus Phoenix,5.0,0.8265924099033697,0.8581345061139984,0.1418654938860016,Top Esports,5,5
71713,Funplus Phoenix,Top Esports,3.087814062833786,3.137398040118569,0.4960174869173319,0.5039825130826681,Funplus Phoenix,5,5
71714,Top Esports,Funplus Phoenix,4.984658896923065,1.0022843720972716,0.8325882963876358,0.16741170361236424,Top Esports,5,5
71718,Team WE,Anyone s Legend,4.919460237026215,0.4966367788902998,0.9083035666771087,0.09169643332289142,Team WE,5,5
71719,Anyone s Legend,Team WE,1.5383276906028236,4.999999046325684,0.2352784974654662,0.7647215025345339,Team WE,5,5
71724,Invictus Gaming,Bilibili Gaming,3.274280324578285,4.119443103671074,0.44284592957158386,0.5571540704284161,Invictus Gaming,5,5
71725,Bilibili Gaming,Invictus Gaming,3.5917448248656,1.9375043921172619,0.6495899685320212,0.35041003146797883,Invictus Gaming,5,5
71742,Team Liquid,100 Thieves,1.0003446143432484,5.0,0.1667145270210015,0.8332854729789985,100 Thieves,5,5
71743,Team Liquid,100 Thieves,0.931968432388178,4.999999642372131,0.15710948215543719,0.8428905178445628,100 Thieves,5,5
71744,Team Liquid,100 Thieves,0.6953659916399602,4.999854803085327,0.12209640621553841,0.8779035937844616,100 Thieves,5,5
71747,FlyQuest,Shopify Rebellion,4.997991979122162,0.9566159553985472,0.83934862447404,0.16065137552595996,FlyQuest,5,5
71748,FlyQuest,Shopify Rebellion,2.0033356742642354,4.151709079742432,0.3254786527685523,0.6745213472314477,Shopify Rebellion,5,5
71749,FlyQuest,Shopify Rebellion,4.996841549873352,1.6023304779919272,0.7571921945319776,0.24280780546802233,FlyQuest,5,5
71750,FlyQuest,Shopify Rebellion,4.999997615814209,0.3904018177802731,0.9275746032200917,0.07242539677990825,FlyQuest,5,5
71762,paiN Gaming,Vivo Keyd Stars,4.99999463558197,1.803065812553804,0.7349625471800866,0.26503745281991337,paiN Gaming,5,5
71763,Vivo Keyd Stars,paiN Gaming,5.0,0.5586112501908929,0.8995052495941843,0.10049475040581568,Vivo Keyd Stars,5,5
71764,Vivo Keyd Stars,paiN Gaming,4.9935688972473145,1.0153726276306927,0.8310230473325655,0.1689769526674345,Vivo Keyd Stars,5,5
71765,Vivo Keyd Stars,paiN Gaming,4.999468266963959,0.006840920444866454,0.9986335401612685,0.0013664598387314528,Vivo Keyd Stars,5,5
71851,Karmine Corp,G2 Esports,3.6303301006555557,1.454962605851776,0.7138881299812003,0.28611187001879973,Karmine Corp,5,5
71852,Karmine Corp,G2 Esports,1.117153146790315,4.000029705161069,0.21831409568729804,0.7816859043127019,G2 Esports,5,5
71853,Karmine Corp,G2 Esports,0.9866801917775069,2.2563905585557222,0.30424257370152175,0.6957574262984783,G2 Esports,5,5
71854,G2 Esports,Karmine Corp,4.975694537162781,1.0011193575883648,0.8324994930045336,0.16750050699546634,G2 Esports,5,5
71857,Movistar KOI,Fnatic,4.413673549890518,1.000847175611618,0.8151549829890437,0.18484501701095632,Movistar KOI,5,5
71858,Fnatic,Movistar KOI,1.1271150736721864,4.068768858909607,0.2169246057642654,0.7830753942357346,Movistar KOI,5,5
71859,Fnatic,Movistar KOI,4.9998273849487305,1.0024441904994443,0.8329891978563808,0.16701080214361916,Fnatic,5,5
71860,Movistar KOI,Fnatic,4.820867478847504,1.382801155326888,0.7770994492340553,0.22290055076594473,Movistar KOI,5,5
72044,Cloud9,100 Thieves,0.9274227961371508,5.0,0.1564630747686067,0.8435369252313933,100 Thieves,5,5
72045,Cloud9,100 Thieves,4.99998676776886,0.38859989042529136,0.9278846356058195,0.07211536439418065,Cloud9,5,5
72046,100 Thieves,Cloud9,4.03018456324935,2.186579763292684,0.6482768770954953,0.3517231229045047,100 Thieves,5,5
72047,Cloud9,100 Thieves,5.0,0.9467606326729882,0.8407938891181783,0.15920611088182174,Cloud9,5,5
72048,100 Thieves,Cloud9,3.0024299669312313,1.043653734325538,0.7420582935539952,0.2579417064460048,100 Thieves,5,5
72104,Bilibili Gaming,JD Gaming,0.45514774510799083,4.993515908718109,0.08353383031605963,0.9164661696839405,JD Gaming,5,5
72105,Bilibili Gaming,JD Gaming,0.8953814123475681,4.999909043312073,0.1518807968974586,0.8481192031025414,JD Gaming,5,5
72106,Bilibili Gaming,JD Gaming,4.9999920129776,0.99897605757414,0.8334753501226317,0.16652464987736826,Bilibili Gaming,5,5
72107,JD Gaming,Bilibili Gaming,0.9993451509681108,4.220668867230415,0.19144491709870806,0.808555082901292,Bilibili Gaming,5,5
72108,JD Gaming,Bilibili Gaming,0.9705098822009317,3.996285431087017,0.19539961302703004,0.80460038697297,Bilibili Gaming,5,5
72109,Invictus Gaming,Edward Gaming,4.016662746667862,2.280038158660318,0.6378995615416667,0.3621004384583333,Invictus Gaming,5,5
72110,Edward Gaming,Invictus Gaming,0.7101537757243932,4.910723567008972,0.12634215842522795,0.873657841574772,Invictus Gaming,5,5
72111,Edward Gaming,Invictus Gaming,2.0412233337410726,3.782952442765236,0.35047419790711076,0.6495258020928892,Invictus Gaming,5,5
72114,Anyone s Legend,Weibo Gaming,5.0,0.6556012301462113,0.8840793041327523,0.11592069586724776,Anyone s Legend,5,5
72115,Weibo Gaming,Anyone s Legend,4.9999998807907104,0.019414222257196877,0.9961321736245256,0.0038678263754744007,Weibo Gaming,5,5
72116,Anyone s Legend,Weibo Gaming,0.9669098085861147,4.999820053577423,0.16205020688426358,0.8379497931157365,Weibo Gaming,5,5
72117,Anyone s Legend,Weibo Gaming,4.999685049057007,0.20593173058676995,0.9604404743368639,0.03955952566313611,Anyone s Legend,5,5
72118,Weibo Gaming,Anyone s Legend,1.262173205711406,3.796812206506729,0.24949137087114082,0.7505086291288592,Weibo Gaming,5,5
72119,Top Esports,Ninjas in Pyjamas,4.749561965465546,1.008727209741238,0.8248217171717476,0.17517828282825237,Top Esports,5,5
72120,Ninjas in Pyjamas,Top Esports,3.3472496480389964,3.3201442062854767,0.5020326864098436,0.49796731359015645,Ninjas in Pyjamas,5,5
72121,Top Esports,Ninjas in Pyjamas,4.771197259426117,2.2895834755618125,0.6757322509370167,0.3242677490629833,Top Esports,5,5
72122,Top Esports,Ninjas in Pyjamas,4.99442732334137,0.0004652718572581982,0.9999068504780851,9.31495219147342e-05,Top Esports,5,5
72224,CTBC Flying Oyster,Team Secret Whales,0.14381084235913352,5.0,0.02795803476575293,0.972041965234247,Team Secret Whales,5,5
72225,CTBC Flying Oyster,Team Secret Whales,3.133737268857658,2.0159328182398895,0.6085316565636328,0.39146834343636716,CTBC Flying Oyster,5,5
72226,Team Secret Whales,CTBC Flying Oyster,0.9703383609116047,4.999988794326782,0.16252683239648372,0.8374731676035163,CTBC Flying Oyster,5,5
72227,GAM Esports,PSG Talon,1.999505265467918,4.482634782791138,0.3084637558864431,0.6915362441135569,PSG Talon,5,5
72228,PSG Talon,GAM Esports,4.999954104423523,0.23771395046550986,0.9546145444930174,0.04538545550698252,PSG Talon,5,5
72255,Shopify Rebellion,100 Thieves,1.0977901447979495,3.486982509493828,0.23944265671937187,0.7605573432806281,100 Thieves,5,5
72256,100 Thieves,Shopify Rebellion,4.522773325443268,1.8717628782615066,0.707287155997792,0.29271284400220793,100 Thieves,5,5
72257,Shopify Rebellion,100 Thieves,0.14756710372159887,4.986775457859039,0.028741187786303347,0.9712588122136967,100 Thieves,5,5
72268,T1,Dplus KIA,0.4689819841296412,4.999975323677063,0.08575345495204165,0.9142465450479583,Dplus KIA,5,5
72269,T1,Dplus KIA,4.145373240113258,1.0474846575526726,0.7982835890765483,0.20171641092345174,T1,5,5
72270,Dplus KIA,T1,0.9989433471874214,4.9999998807907104,0.1665198867908111,0.8334801132091889,T1,5,5
72271,T1,Dplus KIA,1.106982982634331,4.981944799423218,0.18180261324437375,0.8181973867556263,Dplus KIA,5,5
72272,T1,Dplus KIA,4.222512170672417,0.5099377220883703,0.8922465670754549,0.10775343292454514,T1,5,5
72273,KT Rolster,BNK FearX,2.0960048093402293,5.0,0.29537815512488513,0.7046218448751148,BNK FearX,5,5
72274,KT Rolster,BNK FearX,4.996741235256195,0.414560432047951,0.9233898870298095,0.07661011297019053,KT Rolster,5,5
72275,BNK FearX,KT Rolster,1.570207614116839,4.921113014221191,0.24189339951289057,0.7581066004871094,KT Rolster,5,5
72276,BNK FearX,KT Rolster,1.049543357436073,4.000793577404693,0.2078165023397918,0.7921834976602081,KT Rolster,5,5
72278,MGN Vikings Esports,Team Secret Whales,1.504252135250681,4.944899380207062,0.23324806862502648,0.7667519313749735,Team Secret Whales,5,5
72279,Team Secret Whales,MGN Vikings Esports,0.9894891708394573,4.953406393527985,0.16649950518603435,0.8335004948139657,MGN Vikings Esports,5,5
72280,MGN Vikings Esports,Team Secret Whales,3.9595511108636856,4.190952926874161,0.4858044474955748,0.5141955525044253,Team Secret Whales,5,5
72281,MGN Vikings Esports,Team Secret Whales,0.9923603761718098,4.999839425086975,0.16560869281483973,0.8343913071851603,Team Secret Whales,5,5
72283,CTBC Flying Oyster,PSG Talon,0.0008149500738809934,5.0,0.00016296345336052747,0.9998370365466395,PSG Talon,5,5
72284,CTBC Flying Oyster,PSG Talon,4.999997854232788,0.8299325450978948,0.8576428039015394,0.14235719609846062,CTBC Flying Oyster,5,5
72285,PSG Talon,CTBC Flying Oyster,2.3791966177523136,1.8295972137884822,0.5652917945095245,0.4347082054904756,CTBC Flying Oyster,5,5
72286,PSG Talon,CTBC Flying Oyster,1.0031195917337934,3.854340225458145,0.2065111456369575,0.7934888543630425,CTBC Flying Oyster,5,5
72293,FlyQuest,100 Thieves,4.932915210723877,3.7945805825293064,0.5652154211907248,0.4347845788092752,FlyQuest,5,5
72294,100 Thieves,FlyQuest,5.0,0.7484502905575009,0.8697996411681741,0.13020035883182599,100 Thieves,5,5
72295,FlyQuest,100 Thieves,4.999847173690796,0.33121571102790726,0.9378706051325478,0.062129394867452226,FlyQuest,5,5
72296,100 Thieves,FlyQuest,0.5883069443807472,4.999887585639954,0.10527674747546197,0.894723252524538,FlyQuest,5,5
72298,RED Canids,Vivo Keyd Stars,0.27204491658344665,4.999997854232788,0.05160142442116944,0.9483985755788306,Vivo Keyd Stars,5,5
72299,Vivo Keyd Stars,RED Canids,5.0,0.07919146119828024,0.9844086481473968,0.015591351852603217,Vivo Keyd Stars,5,5
72300,Vivo Keyd Stars,RED Canids,4.172486573457718,2.027694212421064,0.6729620824864917,0.3270379175135083,Vivo Keyd Stars,5,5
72307,100 Thieves,paiN Gaming,5.0,0.9981071747934313,0.8335963086841967,0.16640369131580332,100 Thieves,5,5
72308,paiN Gaming,100 Thieves,3.9941163372714072,3.5918174982070923,0.5265161051881847,0.4734838948118153,100 Thieves,5,5
72309,paiN Gaming,100 Thieves,3.9024609848856926,4.813878774642944,0.4477178600822153,0.5522821399177846,100 Thieves,5,5
72317,FlyQuest,Vivo Keyd Stars,5.0,1.464018443817622,0.7735126444111785,0.22648735558882144,FlyQuest,5,5
72318,Vivo Keyd Stars,FlyQuest,1.000173960390768,4.999999523162842,0.16669084037857082,0.8333091596214292,FlyQuest,5,5
72319,FlyQuest,Vivo Keyd Stars,4.999910354614258,0.42756028431162374,0.9212229208122921,0.07877707918770789,FlyQuest,5,5
72327,Ninjas in Pyjamas,Anyone s Legend,4.990119695663452,1.99903697830704,0.7139802308693417,0.28601976913065835,Ninjas in Pyjamas,5,5
72328,Anyone s Legend,Ninjas in Pyjamas,4.002516984241083,1.0431180933146607,0.7932632706723654,0.20673672932763465,Anyone s Legend,5,5
72329,Ninjas in Pyjamas,Anyone s Legend,2.761551994049171,4.013562127947807,0.4076022845258285,0.5923977154741715,Anyone s Legend,5,5
72330,Ninjas in Pyjamas,Anyone s Legend,0.5606141840508643,5.0,0.10081875229877235,0.8991812477012276,Anyone s Legend,5,5
72332,Bilibili Gaming,Invictus Gaming,4.99999737739563,1.0064986535107892,0.8324316459493436,0.1675683540506564,Bilibili Gaming,5,5
72333,Invictus Gaming,Bilibili Gaming,1.0795645569962744,4.99800443649292,0.17763098340023703,0.8223690165997629,Bilibili Gaming,5,5
72334,Invictus Gaming,Bilibili Gaming,4.9998743534088135,0.9490960754006517,0.8404604482812013,0.1595395517187987,Invictus Gaming,5,5
72335,Bilibili Gaming,Invictus Gaming,4.460820853710175,1.1612029124516994,0.7934546418247451,0.20654535817525482,Bilibili Gaming,5,5
72337,Top Esports,Weibo Gaming,3.2259417872410268,1.5104496087878942,0.6810969612742976,0.3189030387257023,Top Esports,5,5
72338,Weibo Gaming,Top Esports,1.7149374363897891,4.99970144033432,0.2554027800861363,0.7445972199138636,Top Esports,5,5
72339,Weibo Gaming,Top Esports,5.0,0.00014435162427170283,0.9999711305086173,2.8869491382745966e-05,Weibo Gaming,5,5
72340,Top Esports,Weibo Gaming,4.194849371910095,0.9355790835688822,0.8176411401722712,0.18235885982772884,Top Esports,5,5
72362,Fnatic,GIANTX,2.910430728457868,2.1859212548588403,0.5710811847347637,0.4289188152652364,Fnatic,5,5
72363,GIANTX,Fnatic,0.9998091578730705,5.0,0.16664015997260526,0.8333598400273948,Fnatic,5,5
72364,GIANTX,Fnatic,0.14665388330467977,4.999937653541565,0.02849534148080986,0.9715046585191901,Fnatic,5,5
72367,Movistar KOI,G2 Esports,0.05606241176657534,4.979452013969421,0.0111334030700113,0.9888665969299887,G2 Esports,5,5
72368,Movistar KOI,G2 Esports,3.9238883148354944,4.069189727306366,0.49091079733584486,0.5090892026641551,G2 Esports,5,5
72369,Movistar KOI,G2 Esports,3.2040302195819095,1.0088079666902559,0.7605395882572635,0.23946041174273647,Movistar KOI,5,5
72370,G2 Esports,Movistar KOI,4.403170734643936,0.9299929191547562,0.8256207797988079,0.17437922020119206,G2 Esports,5,5
72416,Gen.G eSports,KT Rolster,0.00495139776231298,4.9992528557777405,0.000989447574768812,0.9990105524252312,KT Rolster,5,5
72417,Gen.G eSports,KT Rolster,4.101436883211136,3.3220621291548014,0.5524937602037843,0.4475062397962157,Gen.G eSports,5,5
72418,KT Rolster,Gen.G eSports,0.9360501037714682,4.999997496604919,0.157689116864918,0.842310883135082,Gen.G eSports,5,5
72419,KT Rolster,Gen.G eSports,4.999131619930267,1.0137380541500534,0.831405284149102,0.168594715850898,KT Rolster,5,5
72420,Gen.G eSports,KT Rolster,1.017160193878226,4.932834684848785,0.17095144022978473,0.8290485597702153,KT Rolster,5,5
72421,Hanwha Life eSports,T1,4.999925851821899,1.0013657334985446,0.833141629720517,0.16685837027948308,Hanwha Life eSports,5,5
72422,T1,Hanwha Life eSports,2.0198528874025214,4.991381824016571,0.2880880430536461,0.7119119569463539,Hanwha Life eSports,5,5
72423,T1,Hanwha Life eSports,2.82240328316032,4.9292824268341064,0.3641018726444663,0.6358981273555337,Hanwha Life eSports,5,5
72441,Invictus Gaming,Anyone s Legend,0.6168600255152364,5.0,0.10982293002016758,0.8901770699798325,Anyone s Legend,5,5
72442,Invictus Gaming,Anyone s Legend,0.14952919156544764,5.0,0.029037449056578908,0.9709625509434212,Anyone s Legend,5,5
72443,Invictus Gaming,Anyone s Legend,0.9245590172976748,4.9999988079071045,0.15605536220177205,0.8439446377982279,Anyone s Legend,5,5
72451,Team Secret Whales,GAM Esports,4.9999998807907104,0.0010939223704343553,0.9997812633768751,0.00021873662312490462,Team Secret Whales,5,5
72452,GAM Esports,Team Secret Whales,0.22323682327435257,5.0,0.04273917320379309,0.9572608267962068,Team Secret Whales,5,5
72453,Team Secret Whales,GAM Esports,4.9831812381744385,2.7405366283653194,0.6451790865850094,0.3548209134149906,Team Secret Whales,5,5
72461,PSG Talon,Team Secret Whales,4.940143704414368,1.5235689612088663,0.7642888785400607,0.23571112145993933,PSG Talon,5,5
72462,Team Secret Whales,PSG Talon,4.511509537696838,2.010934861144051,0.691689995624736,0.308310004375264,Team Secret Whales,5,5
72463,PSG Talon,Team Secret Whales,1.9973952320056014,4.97887510061264,0.2863127626615303,0.7136872373384697,Team Secret Whales,5,5
72464,Team Secret Whales,PSG Talon,4.999969959259033,1.399253247531201,0.7813401404647913,0.2186598595352088,Team Secret Whales,5,5
72466,Anyone s Legend,JD Gaming,4.913694381713867,2.9641682412475348,0.6237344590640677,0.37626554093593234,Anyone s Legend,5,5
72467,JD Gaming,Anyone s Legend,2.2367400326766074,2.2267296896898188,0.5011213633797745,0.4988786366202254,Anyone s Legend,5,5
72468,JD Gaming,Anyone s Legend,3.042822708848803,4.8601372838020325,0.38502317001204633,0.6149768299879537,Anyone s Legend,5,5
72471,Top Esports,Bilibili Gaming,3.038601666688919,3.000888291047886,0.50312223183621,0.49687776816379,Bilibili Gaming,5,5
72472,Top Esports,Bilibili Gaming,3.9697499088943005,1.0553767415876791,0.7899800711517482,0.21001992884825177,Top Esports,5,5
72473,Bilibili Gaming,Top Esports,0.3698398120609168,4.9991573095321655,0.06888433792849163,0.9311156620715083,Top Esports,5,5
72474,Bilibili Gaming,Top Esports,4.913845419883728,1.3346235024266067,0.7864079154396855,0.21359208456031456,Bilibili Gaming,5,5
72475,Top Esports,Bilibili Gaming,1.0988279864259312,4.136516213417053,0.20988648396009696,0.7901135160399031,Bilibili Gaming,5,5
72491,Karmine Corp,Fnatic,1.0886183409652965,4.99999213218689,0.17879585921378524,0.8212041407862148,Fnatic,5,5
72492,Karmine Corp,Fnatic,1.5532867820732008,4.399253487586975,0.2609451951111078,0.7390548048888922,Fnatic,5,5
72493,Karmine Corp,Fnatic,4.951662123203278,1.0101942650253477,0.8305570950987811,0.16944290490121897,Karmine Corp,5,5
72494,Fnatic,Karmine Corp,4.999879002571106,0.8879248346993467,0.8491925242008431,0.15080747579915685,Fnatic,5,5
72496,Anyone s Legend,Top Esports,0.009813637560813505,4.9961047768592834,0.0019604070119369596,0.9980395929880631,Top Esports,5,5
72497,Anyone s Legend,Top Esports,3.033561329866643,2.6046740635174688,0.5380338205507018,0.46196617944929813,Anyone s Legend,5,5
72498,Top Esports,Anyone s Legend,2.4137852306012064,3.4939244389533997,0.408582236706833,0.591417763293167,Top Esports,5,5
72499,Anyone s Legend,Top Esports,3.6394357830286026,4.130880609154701,0.46837678150271483,0.5316232184972852,Top Esports,5,5
72513,T1,Dplus KIA,0.005968022160263414,4.423640787601471,0.0013473023051406724,0.9986526976948594,Dplus KIA,5,5
72514,T1,Dplus KIA,4.928356111049652,2.1790480061317794,0.6934115507989547,0.3065884492010453,T1,5,5
72515,Dplus KIA,T1,1.000868942672615,5.0,0.16678733567323278,0.8332126643267672,T1,5,5
72516,T1,Dplus KIA,4.745227694511414,1.7641088774544187,0.7289879148280615,0.27101208517193853,T1,5,5
72518,Hanwha Life eSports,KT Rolster,4.999854803085327,1.0254649375739167,0.8298073825602957,0.17019261743970424,Hanwha Life eSports,5,5
72519,KT Rolster,Hanwha Life eSports,1.0724128003559277,4.999706447124481,0.1766126053602981,0.823387394639702,Hanwha Life eSports,5,5
72520,KT Rolster,Hanwha Life eSports,1.0064956986752804,4.971624553203583,0.168363240662305,0.831636759337695,Hanwha Life eSports,5,5
72521,Bilibili Gaming,Top Esports,1.1940884198484127,4.476097971200943,0.21059068212172619,0.7894093178782738,Top Esports,5,5
72522,Bilibili Gaming,Top Esports,4.911308467388153,0.8555221293628019,0.8516477786178069,0.148352221382193,Bilibili Gaming,5,5
72523,Top Esports,Bilibili Gaming,4.0874011516571045,2.38304823753424,0.6317028239931778,0.3682971760068222,Top Esports,5,5
72524,Bilibili Gaming,Top Esports,4.996438026428223,0.0017904464357142193,0.9996417837949116,0.0003582162050884222,Bilibili Gaming,5,5
72525,Top Esports,Bilibili Gaming,0.9826613258292127,4.98926055431366,0.16454691564145235,0.8354530843585477,Bilibili Gaming,5,5
72526,Gen.G eSports,T1,4.19170255959034,2.047102211865422,0.6718758982118699,0.32812410178813006,Gen.G eSports,5,5
72527,T1,Gen.G eSports,4.998588860034943,0.051437509218708904,0.9898144077955952,0.010185592204404846,T1,5,5
72528,Gen.G eSports,T1,1.0665468702518413,4.999733626842499,0.1758156205870635,0.8241843794129365,T1,5,5
72529,T1,Gen.G eSports,0.047767193044467526,4.999999165534973,0.009463035657995535,0.9905369643420044,Gen.G eSports,5,5
72530,T1,Gen.G eSports,0.984559328402638,5.0,0.16451659585525916,0.8354834041447408,Gen.G eSports,5,5
72531,CTBC Flying Oyster,Team Secret Whales,4.99999213218689,1.0229752930476905,0.830154271005733,0.16984572899426698,CTBC Flying Oyster,5,5
72532,CTBC Flying Oyster,Team Secret Whales,4.440451472997665,1.0882508779013733,0.8031634172303724,0.1968365827696276,CTBC Flying Oyster,5,5
72533,Team Secret Whales,CTBC Flying Oyster,2.4514784663915634,4.000497969216667,0.37995775261390297,0.620042247386097,CTBC Flying Oyster,5,5
72536,Top Esports,Invictus Gaming,5.0,0.46090716556098266,0.9155987912653639,0.08440120873463614,Top Esports,5,5
72537,Invictus Gaming,Top Esports,0.7443879046285247,4.9771392941474915,0.13010300899867586,0.8698969910013241,Top Esports,5,5
72538,Invictus Gaming,Top Esports,4.996119320392609,0.998732276658302,0.8334016679996523,0.16659833200034765,Invictus Gaming,5,5
72539,Top Esports,Invictus Gaming,4.999790012836456,0.01755626633558003,0.9965008860543552,0.003499113945644822,Top Esports,5,5
72546,100 Thieves,RED Canids,4.9999918937683105,0.9745481762156951,0.8368831466857491,0.16311685331425085,100 Thieves,5,5
72547,RED Canids,100 Thieves,3.0938341841101646,4.999767303466797,0.3822567974045863,0.6177432025954137,100 Thieves,5,5
72548,100 Thieves,RED Canids,4.540008783340454,1.05310053616995,0.8117146517239656,0.18828534827603435,100 Thieves,5,5
72551,KT Rolster,Gen.G eSports,1.0221205834314375,4.5359567403793335,0.18389823024819732,0.8161017697518027,Gen.G eSports,5,5
72552,KT Rolster,Gen.G eSports,0.5201393978089771,4.999650180339813,0.094231743881697,0.905768256118303,Gen.G eSports,5,5
72553,KT Rolster,Gen.G eSports,0.010357101012138013,4.963835120201111,0.0020821674256914476,0.9979178325743085,Gen.G eSports,5,5
72556,100 Thieves,Vivo Keyd Stars,0.5041535788838303,4.850694298744202,0.09414900113038294,0.9058509988696171,Vivo Keyd Stars,5,5
72557,Vivo Keyd Stars,100 Thieves,4.001703495159745,1.998572997017618,0.6669198495064047,0.33308015049359524,Vivo Keyd Stars,5,5
72558,100 Thieves,Vivo Keyd Stars,5.0,0.0077448473210954705,0.9984534261314774,0.0015465738685225933,100 Thieves,5,5
72559,Vivo Keyd Stars,100 Thieves,4.881398618221283,2.413369612947463,0.6691643193493483,0.3308356806506517,Vivo Keyd Stars,5,5
72628,Invictus Gaming,JD Gaming,0.9145591314426269,5.0,0.1546284534684423,0.8453715465315577,JD Gaming,5,5
72629,Invictus Gaming,JD Gaming,2.1686811754480004,3.408560134470463,0.3888447809477524,0.6111552190522476,Invictus Gaming,5,5
72630,JD Gaming,Invictus Gaming,0.4678688283192969,4.000579056853894,0.10470499832206567,0.8952950016779343,Invictus Gaming,5,5
72631,JD Gaming,Invictus Gaming,0.9988639215357953,4.107669711112976,0.1956050803522628,0.8043949196477372,Invictus Gaming,5,5
72633,Movistar KOI,Fnatic,5.0,0.9710527297103653,0.8373732784373741,0.16262672156262598,Movistar KOI,5,5
72634,Fnatic,Movistar KOI,4.9589415192604065,0.9911410511122085,0.8334239837195839,0.16657601628041604,Fnatic,5,5
72635,Movistar KOI,Fnatic,4.996986210346222,1.0471284748055083,0.8267523815559066,0.17324761844409334,Movistar KOI,5,5
72636,Fnatic,Movistar KOI,1.2190560844987313,4.2973896861076355,0.22098578236630298,0.7790142176336969,Movistar KOI,5,5
72638,Hanwha Life eSports,Gen.G eSports,1.1405418776614056,4.9995604157447815,0.18575291145983439,0.8142470885401656,Gen.G eSports,5,5
72639,Hanwha Life eSports,Gen.G eSports,1.7296559640890337,4.9999696016311646,0.25702112951122674,0.7429788704887732,Gen.G eSports,5,5
72640,Hanwha Life eSports,Gen.G eSports,4.998016357421875,1.000339887114933,0.8332309975710389,0.16676900242896112,Hanwha Life eSports,5,5
72641,Gen.G eSports,Hanwha Life eSports,3.2399165891110897,2.7912923025432974,0.5371919041959043,0.4628080958040957,Gen.G eSports,5,5
